combined_text,cluster,pca_1,pca_2
" R, Docker, Kubernetes, 데이터, Jira, Spring, SQL, Java, Git",0,0.3223175287825078,-0.4047303184617517
" R, Kubernetes, 데이터, Linux, Java, Python",0,0.3011997351197405,-0.24247581309148983
" Data, R, Docker, Kubernetes, Spring, AWS, SQL, Java, Git",0,0.2052751842235327,-0.6214224003395595
" Data, R, Docker, 데이터, Linux, SQL, Python, Django, Git",0,0.23600106258342649,-0.27210188862550516
" R, Docker, Kubernetes, Spring, SQL, Java, Python",0,0.1893354346706762,-0.5796789448566154
" R, Docker, JavaScript, 데이터, Kubernetes, Spring, AWS, SQL, Java, Python",0,0.3520618823380862,-0.4709728578315908
" R, Spring, Java, 데이터",0,0.4230832493429583,-0.186784242101351
" R, Docker, Kubernetes, 데이터, AWS",0,0.3071130828148913,-0.15844195162456925
" R, 데이터, Spring, AWS, SQL, Java, Python, Git",0,0.4054506419909811,-0.4645741318092919
" R, Docker, Kubernetes, 데이터, OA, Linux, Spring, SQL, Java, Git",0,0.3401850106757219,-0.4282080327144226
" R, Spring, Java, 데이터",0,0.42308324934295766,-0.18678424210134956
" R, Docker, Spring, Java, SQL, Git",0,0.19596237429480257,-0.6036714741392851
" R, Flask, AWS, SQL, Java, Python, React",0,0.09621808880335962,-0.4186047841026576
" Data, R, Kubernetes, 데이터, Spring, Java, SQL",0,0.3312620246840805,-0.33528097391041345
" R, Spring, React, Vue",2,-0.01308106672065205,-0.24868753991859172
"Claude, 프롬프트 R, Kubernetes, 데이터, OA, Spring, AWS, SQL, Java, Git",0,0.2508313477448918,-0.344706301211789
" R, Docker, Kubernetes, 데이터, OA, Linux, AWS, SQL, Java, Python",0,0.33343978168912686,-0.39724082714969744
"AI 에이전트 R, ERP, JavaScript, Linux, Spring, AWS, SQL, Java, Git, React, Confluence, SAP",0,-0.0013714314535833712,-0.38654807254984846
" R, Docker, Kubernetes, 데이터, OA, Linux, AWS, SQL, Java, Python",0,0.3334397816891276,-0.39724082714969733
" R, Docker, OA, Spring, AWS, SQL, Java",0,0.1868710952859944,-0.5462398541809579
"LLM R, Docker, Kubernetes, OA, Linux, Spring, AWS, Java, SQL, Git",0,0.18458429032835638,-0.5668303609734763
" R, Docker, 데이터, SQL, Python, Git",0,0.33771552897372425,-0.2437632917683775
" R, 데이터, Flask, Spring, Python",0,0.21296968238762295,-0.09748582213467827
 Java,0,0.0753788684026632,-0.4058837953824128
" R, Linux, Spring, AWS, SQL, Java",0,0.19826908109859498,-0.6000082067640696
"LLM R, 데이터, Spring, SQL, Java, Python, Git",0,0.3136918240803172,-0.3587192220760369
" R, JavaScript, Linux, Spring, SQL, Java",0,0.14141417975043474,-0.5132389989252234
" R, AWS, SQL, 데이터",0,0.4298659365247933,-0.11146128951552181
" 엑셀, R, Docker, JavaScript, 데이터, Kubernetes, Linux, Spring, AWS, SQL, Java, Vue, React, Git",0,0.19668508809944835,-0.4030063879803259
" R, 데이터, AWS, Java, SQL, Vue",0,0.3347390877760422,-0.2624194888809549
" R, 데이터, AWS, Java, SQL, Vue",0,0.3347390877760418,-0.26241948888095495
" R, Docker, Kubernetes, Jira, Spring, AWS, SQL, Java, Python, Confluence, Git",0,0.1774961739875352,-0.5645605960615094
" R, 데이터, AWS, Java, SQL, Vue",0,0.33473908777604194,-0.26241948888095484
" R, Docker, 데이터, Linux, Flask, SQL, Python, Django, Git",0,0.21306620447157334,-0.24794070924744854
"GPT, Cursor, Claude, ChatGPT R, Docker, Slack, 데이터, Linux, Jira, Notion, AWS, SQL, Confluence, Git",0,0.13548871039141272,-0.23940224553508888
" R, Spring, Java, 데이터",0,0.4230832493429578,-0.18678424210134978
" R, Docker, 데이터, Linux, Flask, SQL, Python, Django, Git",0,0.2130662044715736,-0.24794070924744846
"챗봇 R, Docker, 데이터, Spring, AWS, Java, SQL",0,0.29872905378018755,-0.348415029759553
" R, Docker, Kubernetes, 데이터, TensorFlow, Python, 파이썬, React",2,0.11660497331978609,-0.12127023224982697
" R, Spring, Java",0,0.11505584782907412,-0.4860557582497356
" Data, R, Docker, Slack, 데이터, Jira, Spring, AWS, SQL, Java, Python, Confluence, Git",0,0.2653697314040596,-0.4108719028774343
" R, Spring, Java",0,0.11505584782907412,-0.4860557582497357
" Data, R, JavaScript, 데이터, OA, Kubernetes, Spring, AWS, SQL, Java, Vue, Git",0,0.28766945067282956,-0.4101636840283887
" R, Java, Linux",0,0.06377371154262312,-0.3825056907914987
" Data, R, 데이터, Spring, AWS, Java, SQL",0,0.36389535288565733,-0.3692135510752834
" R, Docker, JavaScript, 데이터, Kubernetes, Linux, Figma, Spring, AWS, SQL, Java, Vue, Python, React",0,0.2821583522576582,-0.4578013062100541
" R, 데이터, Java, SQL, Python",0,0.4015104547030304,-0.23550430858510166
" R, 데이터, Spring, AWS, SQL, Java, Python, Git",0,0.40545064199098196,-0.4645741318092935
" R, Docker, Kubernetes, 데이터, OA, Linux, Spring, SQL, Java, Git",0,0.3401850106757219,-0.4282080327144233
" R, Slack, 데이터, Jira, Spring, SQL, Java, Confluence, Git",0,0.230725798030425,-0.2867780983429175
" R, Flask, AWS, SQL, Java, Python, React",0,0.09621808880335941,-0.418604784102657
" R, Docker, Kubernetes, 데이터, Spring, AWS, SQL, Java, Git",0,0.39350083311660633,-0.4963445072281091
" R, Spring, React, Vue",2,-0.013081066720652202,-0.24868753991859235
"생성형 AI, LLM, 생성형, 프롬프트 R, Docker, Kubernetes, 데이터, Linux, Python",2,0.07843817321225426,-0.1520089339210981
" Data, R, Docker, 데이터, Linux, SQL, Python, Django, Git",0,0.23600106258342599,-0.27210188862550483
" R, 데이터, AWS, SQL, Git",0,0.3922034919795545,-0.2165047385275745
" R, Spring, AWS, Java, SQL, Git",0,0.21618219736647626,-0.637379569109576
" R, Docker, ERP, JavaScript, 데이터, Kubernetes, AWS, SQL, Java, Python, 프리미어, Git",0,0.1980257573029869,-0.3320055227684037
"GPT, AI 활용, Cursor R, Spring, AWS, Java, Git",2,0.031998745137396936,-0.3635439180366674
" Data, R, JavaScript, OA, AWS, SQL, Java, Python, Git",0,0.14218747189633463,-0.4835272306997739
" Java, R, SQL, 데이터",0,0.473337663202199,-0.17061830371173636
 Java,0,0.07537886840266313,-0.40588379538241287
" Java, R, SQL, 데이터",0,0.473337663202199,-0.17061830371173636
" R, JavaScript, 데이터, AWS, Java, SQL",0,0.3492187088975052,-0.2887696010917381
" R, AWS, SQL, 데이터",0,0.42986593652479343,-0.11146128951552181
" Data, R, Slack, 데이터, Linux, Notion, AWS, SQL, Git",0,0.21136699907330578,-0.24125618201975105
" Data, R, Slack, 데이터, Linux, Notion, AWS, SQL, Git",0,0.21136699907330578,-0.24125618201975105
" R, Docker, 데이터, Spring, SQL, Java, Git",0,0.3985029365030208,-0.41382270659311865
"GPT, Gemini, LLM, Claude Data, R, Kubernetes, 데이터, Jira, Spring, AWS, Java, SQL, Notion",0,0.1628237988598659,-0.2907594375271515
"챗봇 R, Docker, 데이터, Spring, AWS, Java, SQL",0,0.2987290537801874,-0.34841502975955324
"Claude, 프롬프트 R, Kubernetes, 데이터, OA, Spring, AWS, SQL, Java, Git",0,0.25083134774489124,-0.3447063012117894
" R, Spring, Java",0,0.11505584782907412,-0.48605575824973574
"GPT, AI 활용, Cursor R, Spring, AWS, Java, Git",2,0.031998745137396936,-0.3635439180366674
" R, Docker, Kubernetes, 데이터, Spring, AWS, SQL, Java, Git",0,0.39350083311660633,-0.4963445072281091
" R, React, Git",2,-0.0316554368520629,-0.22749493178959784
" R, JavaScript, 데이터, SQL, Java, Vue, React, Git",0,0.2398742299346754,-0.2731440308570234
" Data, R, Docker, 데이터, Linux, SQL, Python, Django, Git",0,0.23600106258342599,-0.27210188862550483
"GPT, LLM R, Docker, Linux, SQL, Python, Git",0,0.07113452595861372,-0.37927186060029344
" R, Slack, 데이터, OA, Figma, Jira, AWS, SQL, Git",0,0.19513149113627642,-0.17121620921379221
" R, Docker, Kubernetes, 데이터, Linux, Spring, AWS, Java, SQL",0,0.377493319113602,-0.4735552188831375
" R, Docker, 데이터, Linux, Python",0,0.27572036904576414,-0.12188478131854494
" R, JavaScript, 데이터, AWS, Java, SQL, Python",0,0.338875442184998,-0.3285795178422842
" Data, R, Docker, Kubernetes, 데이터, Spring, AWS, SQL, Java",0,0.35152249397426627,-0.43829480016063627
" R, Spring, AWS, Java, SQL, Git",0,0.21618219736647626,-0.637379569109576
" R, Kubernetes, Linux, Python, Git",0,0.06397203489274829,-0.37162301671995374
" R, Kubernetes, Linux, Python, Git",0,0.06397203489274829,-0.37162301671995374
" R, 데이터, Vue, React, Git",2,0.17774434141758005,-0.05151179362253759
" Data, R, JavaScript, OA, AWS, SQL, Java, Python, Git",0,0.14218747189633463,-0.4835272306997739
" R, 데이터, Linux, Spring, AWS, SQL, Git",0,0.36454371233306143,-0.36130141736984717
" R, AWS, Java",0,0.11563327012004544,-0.4608389739652307
 R,2,-0.10025473039657828,-0.06177524821727251
" R, ERP",7,-0.4043889954239821,0.21626579330260084
" R, ERP",7,-0.4043889954239821,0.21626579330260084
" R, ERP",7,-0.4043889954239821,0.21626579330260084
" Excel, R",8,-0.17519534738422315,0.05103248300316905
 R,2,-0.10025473039657828,-0.06177524821727251
" Excel, R, ERP, OA",8,-0.29164780959047415,0.16526180283392322
 R,2,-0.10025473039657828,-0.06177524821727251
" R, ERP",7,-0.4043889954239821,0.21626579330260084
" R, ERP",7,-0.4043889954239821,0.21626579330260084
" R, ERP",7,-0.4043889954239821,0.21626579330260084
" R, ERP",7,-0.4043889954239821,0.21626579330260084
" Excel, R",8,-0.17519534738422315,0.05103248300316905
" 엑셀, R",6,-0.47456671345232015,0.2152681943960802
" R, ERP",7,-0.4043889954239821,0.21626579330260084
" 엑셀, R",6,-0.47456671345232015,0.2152681943960802
" Excel, R, ERP, 데이터",8,-0.03191068428891852,0.4146531040681136
" 엑셀, R",6,-0.47456671345232015,0.2152681943960802
" R, OA, ERP, 데이터",1,0.038063127160102926,0.3626598379805796
 R,2,-0.10025473039657828,-0.06177524821727251
 R,2,-0.10025473039657828,-0.06177524821727251
" 엑셀, OA",1,-0.3385485008428982,0.14272613477462498
" Excel, R, ERP",8,-0.35093375682603123,0.20166719317716808
" R, ERP",7,-0.4043889954239821,0.21626579330260084
" R, ERP, OA",1,-0.2854398678755361,0.1387505677946184
" R, ERP",7,-0.4043889954239821,0.21626579330260084
" 엑셀, R, ERP, SAP, PPT",5,-0.4815583070737328,0.23000659725621384
" 엑셀, R, ERP, OA",1,-0.46507095037368895,0.26050817219808176
 엑셀,6,-0.47456671345232015,0.2152681943960802
" 엑셀, R, ERP, SAP",5,-0.5261609658488348,0.26807623606224784
" Excel, R, ERP, 데이터, SAP",5,-0.11432714051000661,0.35129874750908346
" Excel, PowerPoint, R, ERP, 데이터",8,-0.0679871832423332,0.3109273020253242
" 엑셀, R",6,-0.47456671345232015,0.2152681943960802
 R,2,-0.10025473039657828,-0.06177524821727251
" R, ERP, SAP",5,-0.3687697865963975,0.1541944567260458
" Excel, R, ERP, 데이터, Tableau, SAP",5,-0.11432714051000661,0.35129874750908346
 엑셀,6,-0.47456671345232015,0.2152681943960802
" R, ERP",7,-0.4043889954239821,0.21626579330260084
 R,2,-0.10025473039657828,-0.06177524821727251
" R, ERP",7,-0.4043889954239821,0.21626579330260084
 R,2,-0.10025473039657828,-0.06177524821727251
 R,2,-0.10025473039657828,-0.06177524821727251
" Excel, PowerPoint, ERP, R",8,-0.29644128414971144,0.1474946699193246
" 엑셀, R, ERP",6,-0.5810568750643436,0.3305946234103573
" Excel, R, ERP, 데이터, SQL",8,0.04401865470760507,0.23472248135751383
 R,2,-0.10025473039657828,-0.06177524821727251
" R, OA, ERP, 데이터",1,0.038063127160102926,0.3626598379805796
 R,2,-0.10025473039657828,-0.06177524821727251
" R, ERP, SAP",5,-0.3687697865963975,0.1541944567260458
" R, 데이터",3,0.6621841195505751,0.5352238023587865
 R,2,-0.10025473039657828,-0.06177524821727251
 엑셀,6,-0.47456671345232015,0.2152681943960802
 R,2,-0.10025473039657828,-0.06177524821727251
" 프리미어, Excel, R, 데이터",8,0.09699030812004356,0.21918104604625469
 엑셀,6,-0.47456671345232015,0.2152681943960802
 R,2,-0.10025473039657828,-0.06177524821727251
 R,2,-0.10025473039657828,-0.06177524821727251
" Excel, R, ERP, 데이터",8,-0.03191068428891852,0.4146531040681136
 R,2,-0.10025473039657828,-0.06177524821727251
 R,2,-0.10025473039657828,-0.06177524821727251
" 엑셀, R",6,-0.47456671345232015,0.2152681943960802
 포토샵,4,-0.2117241886551001,-0.03991865079604219
" 일러스트, R, 피그마, 포토샵",4,-0.19040274518032446,-0.048880735718565056
" R, 포토샵, PPT",4,-0.21620928512281123,-0.017502098817772965
 프리미어,2,-0.1321544185890559,-0.06121518284845041
" Figma, Photoshop",9,-0.14618365235995653,-0.10522000306380618
AI 활용 R,2,-0.10937443757207399,-0.09649453958405525
" R, Illustrator, Photoshop",2,-0.17552775527446152,-0.11761195434786205
"AI 활용 Figma, R, Java, JavaScript",2,-0.03697170234946576,-0.23595779723046348
" Figma, R, Photoshop",9,-0.14618365235995653,-0.10522000306380618
" Figma, R, Illustrator, Photoshop",9,-0.16302314211882007,-0.11484158665252481
" Figma, R",9,-0.10096473395482415,-0.07392190899565373
"LLM R, Kubernetes, OA, Figma, Notion, AWS, SQL, React, TensorFlow, Illustrator, After Effects, Photoshop, GA4, Excel, 데이터, PyTorch, PPT, 엑셀, ERP, Vue",2,-0.10778571595577603,-0.04091320891993032
" After Effects, R",2,-0.12821537646454326,-0.08680454565842496
" 일러스트, 포토샵",4,-0.21291489711352057,-0.048725197666391176
" R, JavaScript, 데이터, Linux, Spring, Java, SQL",0,0.33015412383218024,-0.34371044019167313
" R, Illustrator, Photoshop",2,-0.17552775527446152,-0.11761195434786205
 데이터,3,0.6621841195505751,0.5352238023587865
" R, Illustrator, Java, After Effects, Photoshop",2,-0.11216373285136194,-0.2205347907556735
" Figma, R, 데이터",9,0.26444196960568467,0.21361319966938205
 포토샵,4,-0.2117241886551001,-0.03991865079604219
" R, Illustrator, Photoshop",2,-0.17552775527446152,-0.11761195434786205
" Excel, PowerPoint, R, ERP, 데이터, Figma, Illustrator, Photoshop",8,-0.11989930527597098,0.1727250578021253
"GPT, Gemini 일러스트",2,-0.13202648216168325,-0.07870462244265125
" R, 피그마",2,-0.10924678398737275,-0.05704442607900629
" R, JavaScript, Java, 포토샵, PPT",4,-0.09793083257196235,-0.2076648028122818
" R, 피그마",2,-0.10924678398737275,-0.05704442607900629
" Excel, R",8,-0.17519534738422315,0.05103248300316905
" Figma, 데이터",9,0.26444196960568467,0.21361319966938205
" R, Photoshop, 포토샵",4,-0.2236781353423263,-0.08277528596486876
" Figma, R, Git",9,-0.03663274462358066,-0.20159018179853824
" R, Illustrator, Photoshop",2,-0.17552775527446152,-0.11761195434786205
" R, Photoshop, 포토샵",4,-0.2236781353423263,-0.08277528596486876
" Figma, R, 데이터",9,0.26444196960568467,0.21361319966938205
 R,2,-0.10025473039657828,-0.06177524821727251
" Figma, Photoshop",9,-0.14618365235995653,-0.10522000306380618
" R, 데이터",3,0.6621841195505751,0.5352238023587865
"생성형 AI, 생성형 R, Illustrator, Photoshop, 데이터",2,-0.014356535572231167,-0.009979903439992603
" R, Illustrator, 포토샵",4,-0.20532766793434484,-0.07093235207652701
" R, React, Java",2,0.004942773277512933,-0.2959433729070771
" R, Illustrator, Photoshop",2,-0.17552775527446152,-0.11761195434786205
" R, 데이터",3,0.6621841195505751,0.5352238023587865
 R,2,-0.10025473039657828,-0.06177524821727251
" R, Slack, OA, 데이터, Figma, Jira, React, Git",2,0.10930658623404366,-0.05528124762849237
" Figma, R, Photoshop",9,-0.14618365235995653,-0.10522000306380618
" R, 데이터, Linux, Java, SQL, Python",0,0.3593860759170832,-0.28460233274776053
" 일러스트, Figma, R, 포토샵",4,-0.19441084438458478,-0.057648160453350035
"AI 툴 R, 데이터, Figma, 피그마, GA4",9,0.08633652322126259,0.07344887875415944
" R, 데이터",3,0.6621841195505751,0.5352238023587865
 Figma,9,-0.10096473395482415,-0.07392190899565373
" R, Docker, JavaScript, 데이터, Linux, Figma, Illustrator, AWS, SQL, Java, 피그마, Photoshop, Git",0,0.18792652440150157,-0.3566307952478186
 Figma,9,-0.10096473395482415,-0.07392190899565373
" 일러스트, R, 포토샵",4,-0.21291489711352057,-0.048725197666391176
" R, 피그마, ERP, 데이터",2,-0.005172519124640764,0.27521180827062064
 Figma,9,-0.10096473395482415,-0.07392190899565373
" 엑셀, Data, Excel, PowerPoint, ERP, R, 데이터, Jira, Spring, AWS, SQL, Java, Vue, Python, Confluence",0,0.013428316032813123,-0.13758491114690075
" R, PPT",2,-0.1588915194250003,-0.022457348713127868
" R, 데이터, Figma, Jira, Confluence",9,0.1078978759854754,0.04529596793605854
" R, 피그마, ERP, 데이터",2,-0.005172519124640764,0.27521180827062064
 피그마,2,-0.10924678398737275,-0.05704442607900629
" Figma, R",9,-0.10096473395482415,-0.07392190899565373
" Figma, 데이터",9,0.26444196960568467,0.21361319966938205
" Figma, R, 데이터",9,0.26444196960568467,0.21361319966938205
" 프리미어, R",2,-0.1321544185890559,-0.06121518284845041
" 프리미어, 포토샵, 일러스트",4,-0.2104408162143741,-0.05083596723006736
" 프리미어, R, 데이터",2,0.21675919391980986,0.209216762430086
" 프리미어, 일러스트",4,-0.1626043717842049,-0.061915875788554585
" 프리미어, OA, 포토샵, 데이터",4,0.06500776879128273,0.1448374418762715
" 프리미어, R, 포토샵, 데이터",4,0.08197987937204457,0.16578070351601726
" 포토샵, 데이터",4,0.18819641560409425,0.2583136268215854
 프리미어,2,-0.1321544185890559,-0.06121518284845041
" After Effects, R, Premiere",2,-0.13464299525795007,-0.09149651165471528
 데이터,3,0.6621841195505751,0.5352238023587865
 OA,1,-0.08135014264068469,-0.037691049083685105
" R, 데이터, Premiere, After Effects, Photoshop",2,0.012954685825258222,0.024821444968864608
 R,2,-0.10025473039657828,-0.06177524821727251
 프리미어,2,-0.1321544185890559,-0.06121518284845041
" R, 포토샵, 에펙",4,-0.2117241886551001,-0.03991865079604219
" 프리미어, 포토샵, 일러스트",4,-0.2104408162143741,-0.05083596723006736
 R,2,-0.10025473039657828,-0.06177524821727251
" 프리미어, R, 포토샵, 일러스트",4,-0.2104408162143741,-0.05083596723006736
" R, Illustrator, Premiere, After Effects, Photoshop",2,-0.171037546670621,-0.11776345680525203
"AI 툴 R, Illustrator, Photoshop, Premiere",2,-0.16453595757364856,-0.1222593917435694
"Midjourney, AI 활용, Gemini, 생성형 AI, 생성형 R, Premiere",2,-0.11395834135139199,-0.09783021077697354
" 프리미어, R",2,-0.1321544185890559,-0.06121518284845041
"생성형 AI, 생성형 R, 파이썬, SQL, 데이터",2,0.05111800924393545,-0.04512645436907661
" R, 데이터",3,0.6621841195505751,0.5352238023587865
"AI 툴, Midjourney After Effects, R, Photoshop, Premiere",2,-0.15169048111145617,-0.1129527669824413
 R,2,-0.10025473039657828,-0.06177524821727251
 R,2,-0.10025473039657828,-0.06177524821727251
 R,2,-0.10025473039657828,-0.06177524821727251
" 일러스트, 포토샵",4,-0.21291489711352057,-0.048725197666391176
 프리미어,2,-0.1321544185890559,-0.06121518284845041
 포토샵,4,-0.2117241886551001,-0.03991865079604219
" R, 데이터",3,0.6621841195505751,0.5352238023587865
 프리미어,2,-0.1321544185890559,-0.06121518284845041
 R,2,-0.10025473039657828,-0.06177524821727251
" R, Illustrator, Photoshop",2,-0.17552775527446152,-0.11761195434786205
 R,2,-0.10025473039657828,-0.06177524821727251
" R, 포토샵",4,-0.2117241886551001,-0.03991865079604219
 데이터,3,0.6621841195505751,0.5352238023587865
"프롬프트 프리미어, 포토샵",4,-0.16752822317193383,-0.06262129338351911
"프롬프트 프리미어, R",2,-0.11827755059597733,-0.07404959715377657
 데이터,3,0.6621841195505751,0.5352238023587865
 R,2,-0.10025473039657828,-0.06177524821727251
"Midjourney, Firefly R, Illustrator, Photoshop, Premiere",2,-0.15151516401682227,-0.10110072787092282
 OA,1,-0.08135014264068469,-0.037691049083685105
" 프리미어, R, 포토샵",4,-0.19747528426447372,-0.0470095129506055
" R, Illustrator, Premiere, After Effects, Photoshop",2,-0.171037546670621,-0.11776345680525203
" R, ERP",7,-0.4043889954239821,0.21626579330260084
 R,2,-0.10025473039657828,-0.06177524821727251
" R, Illustrator, 포토샵, Premiere, After Effects, Photoshop, PPT",2,-0.21872078307061582,-0.08894187804905221
" Excel, PowerPoint, ERP, R",8,-0.29644128414971144,0.1474946699193246
 R,2,-0.10025473039657828,-0.06177524821727251
 R,2,-0.10025473039657828,-0.06177524821727251
 R,2,-0.10025473039657828,-0.06177524821727251
 R,2,-0.10025473039657828,-0.06177524821727251
 R,2,-0.10025473039657828,-0.06177524821727251
" 엑셀, Excel, Data, PowerPoint, ERP, R, 데이터, OA, SAP",8,-0.21721672579638424,0.28323868680572284
 R,2,-0.10025473039657828,-0.06177524821727251
" 엑셀, 데이터, PPT",6,-0.08041999377177783,0.3358819467487726
 R,2,-0.10025473039657828,-0.06177524821727251
" 엑셀, R",6,-0.47456671345232015,0.2152681943960802
 R,2,-0.10025473039657828,-0.06177524821727251
 엑셀,6,-0.47456671345232015,0.2152681943960802
 R,2,-0.10025473039657828,-0.06177524821727251
" Data, R",2,-0.06760615302514103,-0.13124797714968187
 R,2,-0.10025473039657828,-0.06177524821727251
"Midjourney, 생성형 AI, 생성형, AI 툴, Firefly R",2,-0.10821541501806684,-0.08817850587229359
" R, OA",1,-0.08135014264068469,-0.037691049083685105
" R, 데이터",3,0.6621841195505751,0.5352238023587865
" R, ERP, 데이터",7,0.07296050515178669,0.5021468110446702
" R, 데이터",3,0.6621841195505751,0.5352238023587865
 R,2,-0.10025473039657828,-0.06177524821727251
"GPT, LLM Python, R, SQL, 데이터",2,0.1810888319168483,-0.09351960021361932
" R, 데이터",3,0.6621841195505751,0.5352238023587865
"GPT, LLM, 생성형, 생성형 AI Python, R, SQL, 데이터",2,0.0651392856846275,-0.09798659476153249
" 엑셀, R, 포토샵, 데이터",4,-0.10524240005254407,0.3611027615388926
" R, ERP",7,-0.4043889954239821,0.21626579330260084
 R,2,-0.10025473039657828,-0.06177524821727251
" 엑셀, Excel, R, InDesign, ERP, 데이터, OA, Figma, Illustrator, 일러스트, 포토샵, Photoshop, SAP, PPT",8,-0.2991944579022099,0.22169270553043502
" 일러스트, R, ERP, 포토샵",4,-0.34398506895048003,0.08191981347913622
" Excel, PowerPoint, R, ERP, 데이터, Illustrator, SQL, Python, SAP, PPT",8,-0.08736386390914778,0.09235375094465795
" R, ERP",7,-0.4043889954239821,0.21626579330260084
" R, ERP",7,-0.4043889954239821,0.21626579330260084
 R,2,-0.10025473039657828,-0.06177524821727251
 R,2,-0.10025473039657828,-0.06177524821727251
" 엑셀, Excel, Data, PowerPoint, ERP, R, 데이터, OA, SAP",8,-0.21721672579638424,0.28323868680572284
" Excel, PowerPoint, R, ERP, 데이터, Git",8,-0.03016024936474968,0.19479212645297436
 엑셀,6,-0.47456671345232015,0.2152681943960802
" Excel, 데이터",8,0.20201439940287697,0.32510630459394185
" 엑셀, R, ERP",6,-0.5810568750643436,0.3305946234103573
" 엑셀, R",6,-0.47456671345232015,0.2152681943960802
" R, OA",1,-0.08135014264068469,-0.037691049083685105
 R,2,-0.10025473039657828,-0.06177524821727251
" Excel, PowerPoint, ERP, R",8,-0.29644128414971144,0.1474946699193246
" R, Notion, Slack",2,-0.08621563802349376,-0.09095051005632133
" Notion, OA, Slack, 데이터",1,0.11433489579326878,0.07562496372397684
 R,2,-0.10025473039657828,-0.06177524821727251
 엑셀,6,-0.47456671345232015,0.2152681943960802
" R, ERP, 데이터",7,0.07296050515178669,0.5021468110446702
 엑셀,6,-0.47456671345232015,0.2152681943960802
AI 활용 R,2,-0.10937443757207399,-0.09649453958405525
" R, 데이터",3,0.6621841195505751,0.5352238023587865
 R,2,-0.10025473039657828,-0.06177524821727251
 R,2,-0.10025473039657828,-0.06177524821727251
 R,2,-0.10025473039657828,-0.06177524821727251
 R,2,-0.10025473039657828,-0.06177524821727251
" R, ERP, SAP",5,-0.3687697865963975,0.1541944567260458
 R,2,-0.10025473039657828,-0.06177524821727251
" R, ERP, SAP",5,-0.3687697865963975,0.1541944567260458
 R,2,-0.10025473039657828,-0.06177524821727251
 엑셀,6,-0.47456671345232015,0.2152681943960802
 R,2,-0.10025473039657828,-0.06177524821727251
 R,2,-0.10025473039657828,-0.06177524821727251
" 엑셀, R",6,-0.47456671345232015,0.2152681943960802
 데이터,3,0.6621841195505751,0.5352238023587865
" 엑셀, Excel, R, 데이터",8,-0.0840148543129088,0.4139334863348865
 데이터,3,0.6621841195505751,0.5352238023587865
" R, 데이터",3,0.6621841195505751,0.5352238023587865
" 엑셀, R, OA, SAP",5,-0.35176384232120933,0.13401775866282684
" R, Notion, Slack",2,-0.08621563802349376,-0.09095051005632133
 데이터,3,0.6621841195505751,0.5352238023587865
 R,2,-0.10025473039657828,-0.06177524821727251
" R, SAP",5,-0.2095084111480397,0.0014293662546558188
 엑셀,6,-0.47456671345232015,0.2152681943960802
 R,2,-0.10025473039657828,-0.06177524821727251
" R, 데이터",3,0.6621841195505751,0.5352238023587865
 R,2,-0.10025473039657828,-0.06177524821727251
" R, ERP, SAP",5,-0.3687697865963975,0.1541944567260458
" 엑셀, SAP",5,-0.4159104904508531,0.15789717720093283
 R,2,-0.10025473039657828,-0.06177524821727251
 엑셀,6,-0.47456671345232015,0.2152681943960802
 R,2,-0.10025473039657828,-0.06177524821727251
" After Effects, R, Photoshop, Premiere",2,-0.15830854244455872,-0.10933253569135827
"GPT 엑셀, R, ERP",6,-0.4294399139192863,0.18735920289008412
" R, SAP",5,-0.2095084111480397,0.0014293662546558188
 R,2,-0.10025473039657828,-0.06177524821727251
 Excel,8,-0.17519534738422315,0.05103248300316905
 엑셀,6,-0.47456671345232015,0.2152681943960802
" R, SAP",5,-0.2095084111480397,0.0014293662546558188
"GPT R, OA",1,-0.0932159056652225,-0.0656252951080869
" R, ERP, SAP",5,-0.3687697865963975,0.1541944567260458
 R,2,-0.10025473039657828,-0.06177524821727251
" 엑셀, R, 데이터",6,-0.0041484639300812505,0.493545460251631
" Figma, R, Photoshop",9,-0.14618365235995653,-0.10522000306380618
" R, OA, 데이터",1,0.30075876897620524,0.26023689375073267
 R,2,-0.10025473039657828,-0.06177524821727251
" R, 데이터",3,0.6621841195505751,0.5352238023587865
 R,2,-0.10025473039657828,-0.06177524821727251
" 엑셀, Excel, R, 포토샵, PPT",8,-0.38654158314422676,0.14783623393676312
" R, 데이터",3,0.6621841195505751,0.5352238023587865
" R, OA, GA4, 데이터",1,0.30075876897620524,0.26023689375073267
" 엑셀, Excel, R, 포토샵, PPT",8,-0.38654158314422676,0.14783623393676312
" R, 데이터",3,0.6621841195505751,0.5352238023587865
" 엑셀, R, OA, 데이터, 포토샵",1,-0.09377067283368791,0.3017132293231423
" R, OA, 데이터",1,0.30075876897620524,0.26023689375073267
" 엑셀, 포토샵, 일러스트, PPT",4,-0.36840572982100395,0.08343238960455894
" 엑셀, R, GA4, 데이터",6,-0.0041484639300812505,0.493545460251631
" 프리미어, R, 포토샵, 데이터",4,0.08197987937204457,0.16578070351601726
" Figma, R, Photoshop",9,-0.14618365235995653,-0.10522000306380618
" R, 데이터",3,0.6621841195505751,0.5352238023587865
" After Effects, R, Photoshop, Premiere",2,-0.15830854244455872,-0.10933253569135827
" 엑셀, Excel, R, 포토샵, PPT",8,-0.38654158314422676,0.14783623393676312
" R, 데이터",3,0.6621841195505751,0.5352238023587865
" R, ERP",7,-0.4043889954239821,0.21626579330260084
" R, OA, GA4, 데이터",1,0.30075876897620524,0.26023689375073267
" 엑셀, Excel, R, 포토샵, PPT",8,-0.38654158314422676,0.14783623393676312
" 프리미어, R, 데이터",2,0.21675919391980986,0.209216762430086
" R, 데이터",3,0.6621841195505751,0.5352238023587865
" R, 데이터",3,0.6621841195505751,0.5352238023587865
" R, OA, 데이터",1,0.30075876897620524,0.26023689375073267
" 엑셀, 포토샵, 일러스트, PPT",4,-0.36840572982100395,0.08343238960455894
" 엑셀, R, GA4, 데이터",6,-0.0041484639300812505,0.493545460251631
" R, 데이터, PPT",2,0.1755686988457698,0.23110012205304165
" 일러스트, R, 포토샵, 데이터",4,0.05442128660692103,0.1545057849128564
 R,2,-0.10025473039657813,-0.06177524821727256
" 프리미어, 포토샵",4,-0.1974752842644737,-0.04700951295060558
" R, 데이터",3,0.6621841195505753,0.5352238023587867
" R, 데이터",3,0.6621841195505753,0.5352238023587867
 엑셀,6,-0.4745667134523202,0.21526819439608025
 R,2,-0.10025473039657816,-0.06177524821727254
 R,2,-0.10025473039657816,-0.06177524821727254
" 엑셀, GA4, 데이터, PPT",6,-0.08041999377177768,0.33588194674877264
" R, 데이터",3,0.6621841195505752,0.5352238023587867
 데이터,3,0.6621841195505752,0.5352238023587866
" R, 데이터",3,0.6621841195505752,0.5352238023587866
" R, 데이터",3,0.6621841195505752,0.5352238023587866
